{
	"Data":
	[
	{
		"SubjectName": "Nguyên giá của TS trên màn hình danh sách bị null",
		"ScriptSurvey": "SELECT count(*) as Total\r\nFROM fixed_asset fa\r\nWHERE fa.orgprice IS NULL AND IFNULL(fa.is_parent,0) = 0 AND fa.status_id <> 2;",
		"ScriptExecute": "UPDATE fixed_asset fa\r\nINNER JOIN\r\n(\r\n  SELECT SUM(amount) AS Total, lb.fixed_asset_id\r\n  FROM ledger_budget lb INNER JOIN\r\n  (\r\n    SELECT * FROM\r\n    (\r\n      SELECT l.fixed_asset_id, IFNULL(l.voucher_id, '') AS voucher_id,\r\n      ROW_NUMBER() OVER(PARTITION BY fixed_asset_id ORDER BY change_date DESC, created_date DESC) AS STT\r\n      FROM ledger_budget l\r\n      WHERE IFNULL(voucher_type, 1) IN (1,2,8)\r\n    ) A WHERE A.STT = 1\r\n  ) A2 ON lb.fixed_asset_id = A2.fixed_asset_id AND IFNULL(lb.voucher_id, '') = A2.voucher_id\r\n  GROUP BY lb.fixed_asset_id\r\n) G1 ON fa.fixed_asset_id = G1.fixed_asset_id\r\nset fa.orgprice = G1.Total,\r\nfa.remaining_amount = G1.Total - IFNULL(fa.accum_depreciation_amount,0)\r\nWHERE fa.orgprice IS NULL;"
	},
	{
		"SubjectName": "Tài sản mất hết nguồn trong chi tiết tài sản (ledger_budget)",
		"ScriptSurvey": "SELECT\r\nCOUNT(*) as Total\r\nFROM fixed_asset a\r\nLEFT JOIN\r\n(SELECT fixed_asset_id\r\n FROM ledger_budget\r\n GROUP BY fixed_asset_id\r\n) b ON a.fixed_asset_id = b.fixed_asset_id\r\nWHERE IFNULL(a.is_parent,0) = 0 AND b.fixed_asset_id IS NULL AND a.status_id <> 2;",
		"ScriptExecute": "CALL Proc_Jira_UpdateLedgerBudgetDMissByTenant();"
	},
	{
		"SubjectName": "Xóa chứng từ điều chuyển CCDC nhưng chưa xóa trong ledger",
		"ScriptSurvey": "SELECT count(*) AS Total\r\nFROM equipment_ledger fal\r\nLEFT JOIN equipment_transfer fat ON fal.voucher_id = fat.voucher_id\r\nWHERE fal.voucher_type IN (3,7) AND fat.voucher_id IS NULL;",
		"ScriptExecute": "DELETE fal\r\nFROM equipment_ledger fal\r\nLEFT JOIN equipment_transfer fat ON fat.voucher_id = fal.voucher_id\r\nWHERE fal.voucher_type IN (3,7) AND fat.voucher_id IS NULL;\r\n"
	},
	{
		"SubjectName": "Tài sản mất thông tin nhóm loại tài sản",
		"ScriptSurvey": "SELECT count(*) as Total\r\nFROM fixed_asset fa INNER JOIN dic_organization do ON fa.organization_id = do.organization_id\r\nWHERE fa.group_fixed_asset_category_id IS NULL AND fa.depreciation_rate IS NOT NULL AND fa.fixed_asset_category_id IS NOT NULL\r\nAND IFNULL(fa.is_parent,0) = 0 AND fa.status_id <> 2;",
		"ScriptExecute": "UPDATE fixed_asset fa\r\nINNER JOIN dic_fixed_asset_category dfac ON fa.fixed_asset_category_id = dfac.fixed_asset_category_id\r\nSET fa.group_fixed_asset_category_id = dfac.group_fixed_asset_category_id\r\nWHERE fa.group_fixed_asset_category_id is NULL  AND IFNULL(fa.is_parent,0) = 0;"
	},
	{
		"SubjectName": "Tài sản có phòng ban bị trống",
		"ScriptSurvey": "SELECT count(*) as Total\r\nFROM fixed_asset fa\r\nWHERE ifnull(fa.is_parent,0) = 0 AND ifnull(fa.department_id,'') = '' AND IFNULL(fa.fixed_asset_code,'') <> '' AND IFNULL(fa.status_id,0) <> 2;",
		"ScriptExecute": ""
	},
	{
		"SubjectName": "Tài sản bị âm giá trị còn lại ở màn hình danh sách",
		"ScriptSurvey": "SELECT count(*) as Total\r\nFROM fixed_asset fa \r\nINNER JOIN dic_organization do ON fa.organization_id = do.organization_id\r\nWHERE fa.remaining_amount < 0 AND IFNULL(fa.is_parent,0) = 0 AND fa.status_id <> 2;",
		"ScriptExecute": ""
	},
	{
		"SubjectName": "Dữ liệu ledger và tài sản có nhiều convert_circular_id",
		"ScriptSurvey": "SELECT count(*) as Total\r\nFROM fixed_asset fa\r\nINNER JOIN fixed_asset_ledger fal ON fa.organization_id = fal.organization_id and fa.fixed_asset_id = fal.fixed_asset_id\r\nWHERE fa.convert_circular_id <> fal.convert_circular_id\r\nGROUP BY fa.fixed_asset_id;",
		"ScriptExecute": "UPDATE fixed_asset_ledger fal\r\nINNER JOIN fixed_asset T\r\nON fal.fixed_asset_id = T.fixed_asset_id\r\nSET fal.convert_circular_id = T.convert_circular_id,\r\nfal.fixed_asset_category_id = T.fixed_asset_category_id,\r\nfal.fixed_asset_category_code = T.fixed_asset_category_code,\r\nfal.fixed_asset_category_name = T.fixed_asset_category_name;\r\n\r\nUPDATE fa_ledger_change_info fal\r\nINNER JOIN fixed_asset T\r\nON fal.fixed_asset_id = T.fixed_asset_id\r\nSET fal.convert_circular_id = T.convert_circular_id,\r\nfal.fixed_asset_category_id = T.fixed_asset_category_id,\r\nfal.fixed_asset_category_code = T.fixed_asset_category_code,\r\nfal.fixed_asset_category_name = T.fixed_asset_category_name;\r\n\r\nUPDATE fa_ledger_increment_and_decrement fal\r\nINNER JOIN fixed_asset T\r\nON fal.fixed_asset_id = T.fixed_asset_id\r\nSET fal.convert_circular_id = T.convert_circular_id,\r\nfal.fixed_asset_category_id = T.fixed_asset_category_id,\r\nfal.fixed_asset_category_code = T.fixed_asset_category_code,\r\nfal.fixed_asset_category_name = T.fixed_asset_category_name;\r\n\r\nUPDATE fa_ledger_inventory fal\r\nINNER JOIN fixed_asset T\r\nON fal.fixed_asset_id = T.fixed_asset_id\r\nSET fal.convert_circular_id = T.convert_circular_id,\r\nfal.fixed_asset_category_id = T.fixed_asset_category_id,\r\nfal.fixed_asset_category_code = T.fixed_asset_category_code,\r\nfal.fixed_asset_category_name = T.fixed_asset_category_name;\r\n\r\nUPDATE fa_ledger_revaluation_detail fal\r\nINNER JOIN fixed_asset T\r\nON fal.fixed_asset_id = T.fixed_asset_id\r\nSET fal.convert_circular_id = T.convert_circular_id,\r\nfal.fixed_asset_category_id = T.fixed_asset_category_id,\r\nfal.fixed_asset_category_code = T.fixed_asset_category_code,\r\nfal.fixed_asset_category_name = T.fixed_asset_category_name;"
	},
	{
		"SubjectName": "Thông tư của loại tài sản với tài sản lệch nhau",
		"ScriptSurvey": "SELECT count(*) as Total\r\nFROM fixed_asset fa\r\nINNER JOIN dic_organization do ON fa.organization_id = do.organization_id\r\nINNER JOIN dic_fixed_asset_category dfac ON fa.fixed_asset_category_id = dfac.fixed_asset_category_id\r\nWHERE fa.convert_circular_id <> dfac.convert_circular_id;",
		"ScriptExecute": "UPDATE fixed_asset fa\r\nINNER JOIN dic_fixed_asset_category dfac ON fa.fixed_asset_category_id = dfac.fixed_asset_category_id\r\nSET fa.convert_circular_id = dfac.convert_circular_id\r\nWHERE fa.convert_circular_id <> dfac.convert_circular_id;\r\n \r\nUPDATE fixed_asset_ledger fa\r\nINNER JOIN fixed_asset dfac ON fa.organization_id = dfac.organization_id AND fa.fixed_asset_id = dfac.fixed_asset_id\r\nSET fa.convert_circular_id = dfac.convert_circular_id\r\nWHERE fa.convert_circular_id <> dfac.convert_circular_id;\r\n \r\nUPDATE fa_ledger_inventory fa\r\nINNER JOIN fixed_asset dfac ON fa.organization_id = dfac.organization_id AND fa.fixed_asset_id = dfac.fixed_asset_id\r\nSET fa.convert_circular_id = dfac.convert_circular_id\r\nWHERE fa.convert_circular_id <> dfac.convert_circular_id;"
	},
	{
		"SubjectName": "Tài sản có nhiều nguồn amount = 0 và chỉ có một nguồn có giá trị đúng",
		"ScriptSurvey": "SELECT count(*) as Total \r\nFROM \r\n(\r\n    SELECT lb.*\r\n    FROM ledger_budget lb INNER JOIN\r\n      (\r\n        SELECT * FROM\r\n        (\r\n          SELECT l.fixed_asset_id, IFNULL(l.voucher_id, '') AS voucher_id,\r\n          ROW_NUMBER() OVER(PARTITION BY fixed_asset_id ORDER BY change_date DESC, created_date DESC) AS STT\r\n          FROM ledger_budget l\r\n          WHERE IFNULL(voucher_type, 1) IN (1,2,8)\r\n        ) A WHERE A.STT = 1\r\n      ) A2 ON lb.fixed_asset_id = A2.fixed_asset_id AND IFNULL(lb.voucher_id, '') = A2.voucher_id\r\n) K1 INNER JOIN fixed_asset fa ON K1.fixed_asset_id = fa.fixed_asset_id\r\nINNER JOIN dic_organization do ON K1.organization_id = do.organization_id\r\nWHERE IFNULL(fa.orgprice, 0) > 0 AND IFNULL(K1.amount, 0) = 0\r\nGROUP BY fa.fixed_asset_code, do.organization_code;",
		"ScriptExecute": "DELETE lb FROM ledger_budget lb\r\nINNER JOIN fixed_asset fa ON lb.fixed_asset_id = fa.fixed_asset_id\r\nWHERE IFNULL(fa.orgprice, 0) > 0 AND IFNULL(lb.amount, 0) = 0;"
	},
	{
		"SubjectName": "Số chứng từ ở detail khác master",
		"ScriptSurvey": "SELECT count(*) AS Total\r\n FROM \r\n(\r\nSELECT faid.voucher_id\r\nFROM fixed_asset_increment_detail faid\r\nINNER JOIN fixed_asset_increment fai ON faid.voucher_id = fai.voucher_id\r\nWHERE faid.voucher_code <> fai.voucher_code\r\nUNION ALL\r\nSELECT faid.voucher_id\r\nFROM fixed_asset_decrement_detail faid\r\nINNER JOIN fixed_asset_decrement fai ON faid.voucher_id = fai.voucher_id\r\nWHERE faid.voucher_code <> fai.voucher_code\r\nUNION ALL\r\nSELECT faid.voucher_id\r\nFROM fixed_asset_depreciation_detail faid\r\nINNER JOIN fixed_asset_depreciation fai ON faid.voucher_id = fai.voucher_id\r\nWHERE faid.voucher_code <> fai.voucher_code\r\nUNION ALL\r\nSELECT faid.voucher_id\r\nFROM fixed_asset_depreciation_business_detail faid\r\nINNER JOIN fixed_asset_depreciation_business fai ON faid.voucher_id = fai.voucher_id\r\nWHERE faid.voucher_code <> fai.voucher_code\r\nUNION ALL\r\nSELECT faid.voucher_id\r\nFROM fixed_asset_transfer_detail faid\r\nINNER JOIN fixed_asset_transfer fai ON faid.voucher_id = fai.voucher_id\r\nWHERE faid.voucher_code <> fai.voucher_code\r\n) K;",
		"ScriptExecute": "-- Khac Phuc Ghi Giam\r\nUPDATE fixed_asset_decrement_detail faid\r\nINNER JOIN fixed_asset_decrement fai ON faid.voucher_id = fai.voucher_id\r\nSET faid.voucher_code = fai.voucher_code\r\nWHERE faid.voucher_code <> fai.voucher_code;\r\n\r\n-- Khac Phuc Ghi tang\r\nUPDATE fixed_asset_increment_detail faid\r\nINNER JOIN fixed_asset_increment fai ON faid.voucher_id = fai.voucher_id\r\nSET faid.voucher_code = fai.voucher_code\r\nWHERE faid.voucher_code <> fai.voucher_code;\r\n \r\n-- Khac Phuc Hao mon\r\nUPDATE fixed_asset_depreciation_detail faid\r\nINNER JOIN fixed_asset_depreciation fai ON faid.voucher_id = fai.voucher_id\r\nSET faid.voucher_code = fai.voucher_code\r\nWHERE faid.voucher_code <> fai.voucher_code;\r\n \r\n-- Khac Phuc Khau hao\r\nUPDATE fixed_asset_depreciation_business_detail faid\r\nINNER JOIN fixed_asset_depreciation_business fai ON faid.voucher_id = fai.voucher_id\r\nSET faid.voucher_code = fai.voucher_code\r\nWHERE faid.voucher_code <> fai.voucher_code;\r\n\r\n-- Khac Phuc Dieu Chuyen\r\nUPDATE fixed_asset_transfer_detail faid\r\nINNER JOIN fixed_asset_transfer fai ON faid.voucher_id = fai.voucher_id\r\nSET faid.voucher_code = fai.voucher_code\r\nWHERE faid.voucher_code <> fai.voucher_code;"
	},
	{
		"SubjectName": "Trạng thái của tài sản lô cha và con đang không đồng nhất",
		"ScriptSurvey": "SELECT count(*) as Total\r\nFROM fixed_asset fa1\r\nINNER JOIN (\r\n  SELECT\r\n  SUM(IF(fa.status_id = 2, 1,0)) AS TotalChuaGhiTang,\r\n  SUM(IF(fa.status_id = 3, 1,0)) AS TotalDaGhiGiam,\r\n  COUNT(*) AS Total,\r\n  fa.parent_id\r\n  FROM fixed_asset fa\r\n  WHERE fa.parent_id IS NOT NULL\r\n  GROUP BY fa.parent_id\r\n) K ON fa1.fixed_asset_id = K.parent_id\r\nWHERE fa1.is_parent = 1\r\nAND\r\n(\r\n (fa1.status_id = 3 AND K.Total <> K.TotalDaGhiGiam)\r\n OR\r\n (fa1.status_id = 2 AND K.Total <> K.TotalChuaGhiTang)\r\n OR\r\n (fa1.status_id = 1 AND (K.TotalDaGhiGiam = K.Total OR K.TotalChuaGhiTang = K.Total))\r\n);",
		"ScriptExecute": "update fixed_asset fa1\r\nINNER JOIN (\r\n  SELECT\r\n  SUM(IF(fa.status_id = 1, 1,0)) AS TotalDangSuDung,\r\n  SUM(IF(fa.status_id = 2, 1,0)) AS TotalChuaGhiTang,\r\n  SUM(IF(fa.status_id = 3, 1,0)) AS TotalDaGhiGiam,\r\n  COUNT(*) AS Total,\r\n  fa.parent_id\r\n  FROM fixed_asset fa\r\n  WHERE fa.parent_id IS NOT NULL\r\n  GROUP BY fa.parent_id\r\n) K ON fa1.fixed_asset_id = K.parent_id\r\nSET fa1.status_id = CASE WHEN K.TotalDangSuDung > 0 THEN 1\r\n                         WHEN K.TotalDaGhiGiam = K.Total THEN 3\r\n                         WHEN K.TotalChuaGhiTang = K.Total THEN 2 ELSE fa1.status_id END\r\nWHERE fa1.is_parent = 1\r\nAND\r\n(\r\n (fa1.status_id = 3 AND K.Total <> K.TotalDaGhiGiam)\r\n OR\r\n (fa1.status_id = 2 AND K.Total <> K.TotalChuaGhiTang)\r\n OR\r\n (fa1.status_id = 1 AND (K.TotalDaGhiGiam = K.Total OR K.TotalChuaGhiTang = K.Total))\r\n);"
	},
	{
		"SubjectName": "Tài sản bị mất loại tính hao mòn",
		"ScriptSurvey": "SELECT count(*) as Total FROM fixed_asset fa WHERE fa.fixed_asset_type IS NULL;",
		"ScriptExecute": "UPDATE fixed_asset fa\r\nSET fa.fixed_asset_type =\r\nCASE\r\n  WHEN fa.depreciation_for_business_start_date is NOT NULL AND fa.depreciation_start_date IS NOT NULL THEN 3\r\n  WHEN fa.depreciation_for_business_start_date is NOT NULL AND fa.depreciation_start_date IS NULL THEN 2\r\n  WHEN fa.depreciation_for_business_start_date is NULL AND fa.depreciation_start_date IS NOT NULL THEN 1\r\nEND\r\nWHERE fa.fixed_asset_type IS NULL;"
	},
	{
		"SubjectName": "CCDC phòng ban ở màn danh sách khác so với chứng từ khai báo ban đầu",
		"ScriptSurvey": "SELECT count(*) as Total\r\nFROM equipment e\r\nINNER JOIN equipment_ledger el\r\n  ON e.equipment_id = el.equipment_id\r\n  AND e.organization_id = el.organization_id\r\n  AND el.voucher_type = 6\r\nWHERE e.department_id <> el.department_id\r\nAND e.department_id IS NOT NULL\r\nGROUP BY e.equipment_id;",
		"ScriptExecute": "UPDATE equipment_ledger el\r\nINNER JOIN equipment e\r\n  ON e.equipment_id = el.equipment_id\r\n  AND e.organization_id = el.organization_id\r\n  AND el.voucher_type = 6\r\nSET el.department_id = e.department_id,\r\n    el.department_code = e.department_code,\r\n    el.department_name = e.department_name\r\nWHERE e.department_id <> el.department_id\r\nAND e.department_id IS NOT NULL;"
	},
	{
		"SubjectName": "Tài sản có nguồn là nguồn cha nên không hiển thị được ở chi tiết tài sản",
		"ScriptSurvey": "select count(*) as Total\r\nfrom ledger_budget lb\r\ninner join fixed_asset fa on lb.fixed_asset_id = fa.fixed_asset_id\r\nleft join dic_budget_category dbc on lb.budget_category_id = dbc.budget_category_id and dbc.organization_id = lb.organization_id\r\nleft join dic_budget_category dbc2 on lb.budget_category_id = dbc2.budget_category_id and dbc2.organization_id is NULL\r\nwhere IFNULL(fa.is_parent, 0) = 0\r\nand (case when dbc.budget_category_id is not null then dbc.is_parent else dbc2.is_parent end) = 1\r\ngroup by fa.fixed_asset_id;",
		"ScriptExecute": ""
	},
	{
		"SubjectName": "Tài sản bị sai loại tài sản kê khai",
		"ScriptSurvey": "SELECT count(*) as Total\r\nFROM fixed_asset fa\r\nINNER JOIN dic_organization do ON fa.organization_id = do.organization_id\r\nLEFT JOIN dic_fixed_asset_category dfac ON fa.organization_id = dfac.organization_id AND fa.fixed_asset_category_id = dfac.fixed_asset_category_id\r\nLEFT JOIN dic_fixed_asset_category dfac1 ON dfac1.organization_id IS NULL AND fa.fixed_asset_category_id = dfac1.fixed_asset_category_id\r\nWHERE ifnull(dfac.group_fixed_asset_category_id, dfac1.group_fixed_asset_category_id) is NOT NULL AND IFNULL(fa.is_parent,0) = 0 AND\r\n( \r\n    (  ifnull(dfac.group_fixed_asset_category_id, dfac1.group_fixed_asset_category_id) = 1 AND fa.public_asset_type <> 1)\r\n    OR\r\n    ( ifnull(dfac.group_fixed_asset_category_id, dfac1.group_fixed_asset_category_id) = 2 AND fa.public_asset_type <> 2)\r\n    OR\r\n    ( ifnull(dfac.group_fixed_asset_category_id, dfac1.group_fixed_asset_category_id) = 4 AND fa.public_asset_type <> 3)\r\n    OR\r\n    ( ifnull(dfac.group_fixed_asset_category_id, dfac1.group_fixed_asset_category_id) NOT IN (1,2,4) AND ifnull(fa.orgprice,0) >= 500000000 AND fa.public_asset_type <> 4)\r\n    OR\r\n    ( ifnull(dfac.group_fixed_asset_category_id, dfac1.group_fixed_asset_category_id) NOT IN (1,2,4) AND ifnull(fa.orgprice,0) < 500000000 AND fa.public_asset_type <> 0)\r\n    OR\r\n    fa.public_asset_type IS NULL\r\n);",
		"ScriptExecute": "UPDATE fixed_asset fa\r\nLEFT JOIN dic_fixed_asset_category dfac ON fa.organization_id = dfac.organization_id and fa.fixed_asset_category_id = dfac.fixed_asset_category_id\r\nLEFT JOIN dic_fixed_asset_category dfac1 ON dfac1.organization_id IS NULL AND fa.fixed_asset_category_id = dfac1.fixed_asset_category_id\r\nset fa.public_asset_type = \r\nCASE WHEN ifnull(dfac.group_fixed_asset_category_id, dfac1.group_fixed_asset_category_id) = 1 THEN 1\r\n        WHEN ifnull(dfac.group_fixed_asset_category_id, dfac1.group_fixed_asset_category_id) = 2 THEN 2\r\n        WHEN ifnull(dfac.group_fixed_asset_category_id, dfac1.group_fixed_asset_category_id) = 4 THEN 3\r\n        WHEN ifnull(dfac.group_fixed_asset_category_id, dfac1.group_fixed_asset_category_id) NOT IN (1,2,4) AND ifnull(fa.orgprice,0) >= 500000000 THEN 4\r\n        WHEN ifnull(dfac.group_fixed_asset_category_id, dfac1.group_fixed_asset_category_id) NOT IN (1,2,4) AND ifnull(fa.orgprice,0) < 500000000 THEN 0\r\nEND\r\nWHERE ifnull(dfac.group_fixed_asset_category_id, dfac1.group_fixed_asset_category_id) is NOT NULL AND IFNULL(fa.is_parent,0) = 0 AND\r\n( \r\n    ( ifnull(dfac.group_fixed_asset_category_id, dfac1.group_fixed_asset_category_id) = 1 AND fa.public_asset_type <> 1)\r\n    OR\r\n    (ifnull(dfac.group_fixed_asset_category_id, dfac1.group_fixed_asset_category_id) = 2 AND fa.public_asset_type <> 2)\r\n    OR\r\n    (ifnull(dfac.group_fixed_asset_category_id, dfac1.group_fixed_asset_category_id) = 4 AND fa.public_asset_type <> 3)\r\n    OR\r\n    (ifnull(dfac.group_fixed_asset_category_id, dfac1.group_fixed_asset_category_id) NOT IN (1,2,4) AND ifnull(fa.orgprice,0) >= 500000000 AND fa.public_asset_type <> 4)\r\n    OR\r\n    (ifnull(dfac.group_fixed_asset_category_id, dfac1.group_fixed_asset_category_id) NOT IN (1,2,4) AND ifnull(fa.orgprice,0) < 500000000 AND fa.public_asset_type <> 0)\r\n    OR\r\n    fa.public_asset_type IS NULL\r\n);\r\n\r\nUPDATE fixed_asset_ledger fal\r\nINNER JOIN fixed_asset fa on fal.organization_id = fa.organization_id and fal.fixed_asset_id = fa.fixed_asset_id\r\nset fal.public_asset_type = fa.public_asset_type\r\nWHERE IFNULL(fal.public_asset_type, 0) <> IFNULL(fa.public_asset_type, 0);"
	},
	{
		"SubjectName": "Trùng misa_code_id ở phòng ban",
		"ScriptSurvey": "SELECT count(*) AS Total\r\nFROM \r\n(\r\nselect organization_id, misa_code_id, count(1) \r\nfrom dic_department \r\ngroup by organization_id, misa_code_id \r\nhaving count(1) > 1\r\n) T INNER JOIN dic_organization do ON do.organization_id =T.organization_id;",
		"ScriptExecute": "CALL Proc_UpdateDepartmentMisaCodeID();"               
	},
	{
		"SubjectName": "Tài sản bị mất lý do ghi giảm trên báo cáo Bảng tổng hợp TSCĐ",
		"ScriptSurvey": "select  count(*) as Total\r\n from fixed_asset_ledger a \r\n where  reason_category_id > 0 and ifnull(reason_category_name, '') = '' \r\n AND IFNULL(is_parent, 0) = 0 and voucher_type = 6;",
		"ScriptExecute": "UPDATE fixed_asset_ledger fal\r\nSET fal.reason_category_name = CASE WHEN fal.reason_category_id = 1 THEN 'Thu hồi'\r\n                                   WHEN fal.reason_category_id = 2 THEN 'Điều chuyển'\r\n                                   WHEN fal.reason_category_id = 3 THEN 'Bán, chuyển nhượng'\r\n                                   WHEN fal.reason_category_id = 4 THEN 'Thanh lý'\r\n                                   WHEN fal.reason_category_id = 5 THEN 'Tiêu hủy'\r\n                                   WHEN fal.reason_category_id = 6 THEN 'Chuyển giao về địa phương'\r\n                                   WHEN fal.reason_category_id = 7 THEN 'Xử lý tài sản công trong trường hợp bị mất, bị hủy hoại'\r\n                                   WHEN fal.reason_category_id = 8 THEN 'Hình thức khác theo quy định của pháp luật'\r\n                                   WHEN fal.reason_category_id = 9 THEN 'Sử dụng tài sản công để thanh toán cho nhà đầu tư khi thực hiện dự án đầu tư xây dựng công trình theo hình thức hợp đồng xây dựng - chuyển giao'\r\n                                   ELSE fal.reason_category_name END\r\nWHERE fal.voucher_type = 6\r\nAND fal.reason_category_id > 0\r\nAND IFNULL(fal.reason_category_name, '') = ''\r\nAND IFNULL(fal.is_parent, 0) = 0;\r\n\r\nUPDATE fa_ledger_increment_and_decrement fal\r\nSET fal.reason_category_name = CASE WHEN fal.reason_category_id = 1 THEN 'Thu hồi'\r\n                                   WHEN fal.reason_category_id = 2 THEN 'Điều chuyển'\r\n                                   WHEN fal.reason_category_id = 3 THEN 'Bán, chuyển nhượng'\r\n                                   WHEN fal.reason_category_id = 4 THEN 'Thanh lý'\r\n                                   WHEN fal.reason_category_id = 5 THEN 'Tiêu hủy'\r\n                                   WHEN fal.reason_category_id = 6 THEN 'Chuyển giao về địa phương'\r\n                                   WHEN fal.reason_category_id = 7 THEN 'Xử lý tài sản công trong trường hợp bị mất, bị hủy hoại'\r\n                                   WHEN fal.reason_category_id = 8 THEN 'Hình thức khác theo quy định của pháp luật'\r\n                                   WHEN fal.reason_category_id = 9 THEN 'Sử dụng tài sản công để thanh toán cho nhà đầu tư khi thực hiện dự án đầu tư xây dựng công trình theo hình thức hợp đồng xây dựng - chuyển giao'\r\n                                   ELSE fal.reason_category_name END\r\nWHERE fal.voucher_type = 6\r\nAND fal.reason_category_id > 0\r\nAND IFNULL(fal.reason_category_name, '') = ''\r\nAND IFNULL(fal.is_parent, 0) = 0;\r\n\r\nUPDATE fixed_asset_decrement_detail fal\r\nSET fal.reason_category_name = CASE WHEN fal.reason_category_id = 1 THEN 'Thu hồi'\r\n                                   WHEN fal.reason_category_id = 2 THEN 'Điều chuyển'\r\n                                   WHEN fal.reason_category_id = 3 THEN 'Bán, chuyển nhượng'\r\n                                   WHEN fal.reason_category_id = 4 THEN 'Thanh lý'\r\n                                   WHEN fal.reason_category_id = 5 THEN 'Tiêu hủy'\r\n                                   WHEN fal.reason_category_id = 6 THEN 'Chuyển giao về địa phương'\r\n                                   WHEN fal.reason_category_id = 7 THEN 'Xử lý tài sản công trong trường hợp bị mất, bị hủy hoại'\r\n                                   WHEN fal.reason_category_id = 8 THEN 'Hình thức khác theo quy định của pháp luật'\r\n                                   WHEN fal.reason_category_id = 9 THEN 'Sử dụng tài sản công để thanh toán cho nhà đầu tư khi thực hiện dự án đầu tư xây dựng công trình theo hình thức hợp đồng xây dựng - chuyển giao'\r\n                                   ELSE fal.reason_category_name END\r\nWHERE fal.reason_category_id > 0\r\nAND IFNULL(fal.reason_category_name, '') = ''\r\nAND IFNULL(fal.is_parent, 0) = 0;"              
	},
	{
		"SubjectName": "GTCL của TS ở màn hình danh sách khác với LSBĐ cuối cùng",
		"ScriptSurvey": "select COUNT(*) AS Total\r\nfrom fixed_asset fa \r\ninner JOIN \r\n(\r\n    select fal.organization_id, fal.fixed_asset_id, fal.remaining_amount, \r\n    row_number() over(partition by fixed_asset_id order by change_date desc, created_date desc, fal.fixed_asset_ledger_id DESC) rn \r\n    from fixed_asset_ledger fal\r\n    WHERE fal.voucher_type <> 17\r\n) tm on fa.organization_id = tm.organization_id and fa.fixed_asset_id = tm.fixed_asset_id and tm.rn = 1 \r\nwhere ifnull(fa.remaining_amount, 0) <> ifnull(tm.remaining_amount, 0) and ifnull(fa.is_parent, 0) = 0;",
		"ScriptExecute": "update fixed_asset fa\r\nINNER JOIN(\r\n    SELECT organization_id, fixed_asset_id, depreciation_amount, accum_depreciation_amount, depreciation_for_business_amount,remaining_amount, \r\n    ROW_NUMBER() OVER(PARTITION BY fixed_asset_id ORDER BY fal.change_date DESC, fal.created_date DESC, fal.fixed_asset_ledger_id DESC) rn\r\n    FROM fixed_asset_ledger fal\r\n    WHERE fal.voucher_type <> 17\r\n) tm ON fa.organization_id = tm.organization_id AND fa.fixed_asset_id = tm.fixed_asset_id AND tm.rn = 1\r\nset \r\nfa.depreciation_amount = IF(fa.fixed_asset_type = 2, 0, ifnull(tm.depreciation_amount,0)),\r\nfa.accum_depreciation_amount = ifnull(tm.accum_depreciation_amount,0),\r\nfa.depreciation_for_business_amount = IF(fa.fixed_asset_type = 1, 0, ifnull(tm.depreciation_for_business_amount,0)),\r\nfa.remaining_amount = ifnull(tm.remaining_amount,0)\r\nWHERE IFNULL(fa.remaining_amount, 0) <> IFNULL(tm.remaining_amount, 0) and ifnull(fa.is_parent, 0) = 0;"
	},
	{
		"SubjectName": "[NTXUAN]: Hao mòn/KH lũy kế Ledger khác với Accum",
		"ScriptSurvey": "SELECT count(*) AS Total\r\nFROM fixed_asset_ledger fal\r\nINNER JOIN fixed_asset fa on fal.organization_id = fa.organization_id and fal.fixed_asset_id = fa.fixed_asset_id\r\nWHERE fa.fixed_asset_type IN (1,2) AND if(fa.fixed_asset_type = 1,fal.depreciation_for_business_amount,if(fa.fixed_asset_type = 2,fal.depreciation_amount,0)) <> 0;",
		"ScriptExecute": "UPDATE fixed_asset_ledger fal\r\nINNER JOIN fixed_asset fa on fal.organization_id = fa.organization_id and fal.fixed_asset_id = fa.fixed_asset_id\r\nset \r\nfal.depreciation_amount = IF(fa.fixed_asset_type = 2, 0, fal.depreciation_amount),\r\nfal.depreciation_value = IF(fa.fixed_asset_type = 2, 0, fal.depreciation_value),\r\nfal.depreciation_for_business_amount = IF(fa.fixed_asset_type = 1, 0, fal.depreciation_for_business_amount),\r\nfal.depreciation_for_business_value = IF(fa.fixed_asset_type = 1, 0, fal.depreciation_for_business_value),\r\nfal.depreciation_for_business_price = IF(fa.fixed_asset_type = 1, 0, fal.depreciation_for_business_price),\r\nfal.depreciation_for_business_remaining_amount = IF(fa.fixed_asset_type = 1, 0, fal.depreciation_for_business_remaining_amount)\r\nWHERE fa.fixed_asset_type IN (1,2) AND if(fa.fixed_asset_type = 1,fal.depreciation_for_business_amount,if(fa.fixed_asset_type = 2,fal.depreciation_amount,0)) <> 0;"
	},
	{
		"SubjectName": "[NTXUAN]: Hao mòn/KH lũy kế FixedAsset khác với Accum",
		"ScriptSurvey": "SELECT count(*) AS Total\r\nFROM fixed_asset fa \r\nWHERE fa.fixed_asset_type IN (1,2) AND if(fa.fixed_asset_type = 1,fa.depreciation_for_business_amount,if(fa.fixed_asset_type = 2,fa.depreciation_amount,0)) <> 0;",
		"ScriptExecute": "UPDATE fixed_asset fal\r\nset \r\nfal.depreciation_amount = IF(fal.fixed_asset_type = 2, 0, fal.depreciation_amount),\r\nfal.depreciation_year = IF(fal.fixed_asset_type = 2, 0, fal.depreciation_year),\r\nfal.depreciation_for_business_amount = IF(fal.fixed_asset_type = 1, 0, fal.depreciation_for_business_amount),\r\nfal.depreciation_for_business_value = IF(fal.fixed_asset_type = 1, 0, fal.depreciation_for_business_value),\r\nfal.depreciation_for_business_price = IF(fal.fixed_asset_type = 1, 0, fal.depreciation_for_business_price),\r\nfal.depreciation_for_business_remaining_amount = IF(fal.fixed_asset_type = 1, 0, fal.depreciation_for_business_remaining_amount)\r\nWHERE fal.fixed_asset_type IN (1,2) AND if(fal.fixed_asset_type = 1,fal.depreciation_for_business_amount,if(fal.fixed_asset_type = 2,fal.depreciation_amount,0)) <> 0;"
	},
	{
		"SubjectName": "[NTXUAN]: Hao mòn lũy kế ĐGL bị sai đối với tài sản loại 3",
		"ScriptSurvey": "SELECT  count(*) AS Total \r\nFROM  fixed_asset_ledger fal\r\nWHERE fal.fixed_asset_type = 3 AND  fal.voucher_type = 2 \r\nAND IFNULL(fal.accum_depreciation_amount,0) > 0\r\nAND ifnull(fal.accum_depreciation_amount,0) =  ifnull(fal.depreciation_amount,0)\r\nAND ifnull(fal.accum_depreciation_amount,0) <> ifnull(fal.depreciation_amount,0) + ifnull(fal.depreciation_for_business_amount,0);",
		"ScriptExecute": "UPDATE fixed_asset_ledger fal\r\nset fal.depreciation_amount = fal.accum_depreciation_amount - fal.depreciation_for_business_amount\r\nWHERE fal.fixed_asset_type = 3 AND  fal.voucher_type = 2 \r\nAND IFNULL(fal.accum_depreciation_amount,0) > 0\r\nAND ifnull(fal.accum_depreciation_amount,0) =  ifnull(fal.depreciation_amount,0)\r\nAND ifnull(fal.accum_depreciation_amount,0) <> ifnull(fal.depreciation_amount,0) + ifnull(fal.depreciation_for_business_amount,0);"
	},
	{
		"SubjectName": "Tài sản: Lỗi ledger bị mất số lượng",
		"ScriptSurvey": "SELECT count(*) AS Total \r\nFROM \r\n(\r\nSELECT fal.fixed_asset_id \r\nFROM fixed_asset_ledger fal\r\nINNER JOIN fixed_asset fa on fal.organization_id = fa.organization_id and fal.fixed_asset_id = fa.fixed_asset_id\r\nWHERE fal.quantity is NULL AND fa.quantity IS NOT NULL\r\nUNION ALL\r\nSELECT fal.fixed_asset_id \r\nFROM fa_ledger_inventory fal\r\nINNER JOIN fixed_asset fa on fal.organization_id = fa.organization_id and fal.fixed_asset_id = fa.fixed_asset_id\r\nWHERE fal.quantity is NULL AND fa.quantity IS NOT NULL\r\n) A;",
		"ScriptExecute": "UPDATE fixed_asset_ledger fal\r\nINNER JOIN fixed_asset fa on fal.organization_id = fa.organization_id and fal.fixed_asset_id = fa.fixed_asset_id\r\nset fal.quantity = fa.quantity\r\nWHERE fal.quantity is NULL AND fa.quantity is NOT NULL;\r\n\r\nUPDATE fa_ledger_inventory fal\r\nINNER JOIN fixed_asset fa on fal.organization_id = fa.organization_id and fal.fixed_asset_id = fa.fixed_asset_id\r\nset fal.quantity = fa.quantity\r\nWHERE fal.quantity is NULL AND fa.quantity is NOT NULL;"
	},
	{
		"SubjectName": "CCDC ở trạng thái Chưa ghi tăng nhưng có lịch sử biến động",
		"ScriptSurvey": "select count(*) AS Total\r\n from dic_organization d \r\n inner join equipment e on d.organization_id = e.organization_id \r\n inner JOIN\r\n (\r\n select el.organization_id, el.equipment_id \r\n from equipment_ledger el \r\n group by el.organization_id, el.equipment_id\r\n ) tm on e.organization_id = tm.organization_id and e.equipment_id = tm.equipment_id \r\n where e.status_id = 2 and e.incremental_date is not null \r\n group by d.organization_id;",
		"ScriptExecute": "UPDATE equipment e\r\nINNER JOIN (\r\n  select el.organization_id, el.equipment_id\r\n  from equipment_ledger el\r\n  group by el.organization_id, el.equipment_id\r\n) tm on e.organization_id = tm.organization_id and e.equipment_id = tm.equipment_id\r\nLEFT JOIN\r\n(\r\n  select edd.organization_id, edd.equipment_id\r\n  from equipment_decrement_detail edd\r\n  group by edd.organization_id, edd.equipment_id\r\n) tmedd ON tm.organization_id = tmedd.organization_id AND tm.equipment_id = tmedd.equipment_id\r\nSET e.status_id = CASE WHEN e.quantity > 0 THEN 1 WHEN e.decrement_date IS NOT NULL AND tmedd.equipment_id IS NOT NULL THEN 3 ELSE e.status_id END\r\nwhere e.status_id = 2 and e.incremental_date is not null;"
	},
	{
		"SubjectName": "Sai loại tài sản kê khai trong danh mục",
		"ScriptSurvey": "SELECT count(*) as Total \r\nFROM dic_fixed_asset_category dfac \r\nWHERE ((dfac.group_fixed_asset_category_id = 1 AND dfac.public_asset_type <> 1) \r\n|| (dfac.group_fixed_asset_category_id = 2 AND dfac.public_asset_type <> 2) \r\n|| (dfac.group_fixed_asset_category_id = 4 AND dfac.public_asset_type <> 3) \r\n|| (dfac.group_fixed_asset_category_id = 5 AND dfac.public_asset_type IN (1,2)) \r\n|| (dfac.group_fixed_asset_category_id NOT IN (1,2,4,5) AND dfac.public_asset_type NOT IN (0,4)));",
		"ScriptExecute": "UPDATE dic_fixed_asset_category_master m INNER JOIN (\r\n  SELECT dfac.fixed_asset_category_id, dfac.fixed_asset_category_master_id,\r\n         dfac.group_fixed_asset_category_id,\r\n         CASE WHEN group_fixed_asset_category_id = 1 THEN 1 \r\n              WHEN group_fixed_asset_category_id = 2 THEN 2 \r\n              WHEN group_fixed_asset_category_id = 4 THEN 3 \r\n              WHEN group_fixed_asset_category_id = 5 THEN 4 \r\n              ELSE 0 \r\n              END AS public_asset_type FROM dic_fixed_asset_category dfac\r\n  WHERE ((dfac.group_fixed_asset_category_id = 1 AND dfac.public_asset_type <> 1)\r\n  || (dfac.group_fixed_asset_category_id = 2 AND dfac.public_asset_type <> 2)\r\n  || (dfac.group_fixed_asset_category_id = 4 AND dfac.public_asset_type <> 3)\r\n  || (dfac.group_fixed_asset_category_id = 5 AND dfac.public_asset_type IN (1,2))\r\n  || (dfac.group_fixed_asset_category_id NOT IN (1,2,4,5) AND dfac.public_asset_type NOT IN (0,4)))\r\n) d\r\nON m.fixed_asset_category_master_id = d.fixed_asset_category_master_id\r\nSET m.public_asset_type = d.public_asset_type;\r\n\r\nUPDATE dic_fixed_asset_category\r\nSET public_asset_type = CASE WHEN group_fixed_asset_category_id = 1 THEN 1 \r\n                        WHEN group_fixed_asset_category_id = 2 THEN 2\r\n                        WHEN group_fixed_asset_category_id = 4 THEN 3 \r\n                        WHEN group_fixed_asset_category_id = 5 THEN 4 \r\n                        ELSE 0 END\r\nWHERE (group_fixed_asset_category_id = 1 AND public_asset_type <> 1)\r\n|| (group_fixed_asset_category_id = 2 AND public_asset_type <> 2)\r\n|| (group_fixed_asset_category_id = 4 AND public_asset_type <> 3)\r\n|| (group_fixed_asset_category_id = 5 AND public_asset_type IN (1,2))\r\n|| (group_fixed_asset_category_id NOT IN (1,2,4,5) AND public_asset_type NOT IN (0,4));"
	},
	{
		"SubjectName": "Tài sản bị mất cấp hạng nhà",
		"ScriptSurvey": "SELECT count(*) as Total\r\nFROM fixed_asset fa\r\nLEFT JOIN dic_fixed_asset_category b1 on fa.organization_id = b1.organization_id AND fa.fixed_asset_category_id = b1.fixed_asset_category_id\r\nLEFT JOIN dic_fixed_asset_category b2 ON b2.organization_id IS NULL AND fa.fixed_asset_category_id = b2.fixed_asset_category_id\r\nWHERE fa.house_category_id IS NULL\r\nAND ifnull(b1.fixed_asset_category_code, b2.fixed_asset_category_code) in ('101','102','103','104','105')\r\nAND fa.fixed_asset_category_id IS NOT NULL;",
		"ScriptExecute": "UPDATE fixed_asset fa\r\nLEFT JOIN dic_fixed_asset_category b1 on fa.organization_id = b1.organization_id AND fa.fixed_asset_category_id = b1.fixed_asset_category_id\r\nLEFT JOIN dic_fixed_asset_category b2 ON b2.organization_id IS NULL AND fa.fixed_asset_category_id = b2.fixed_asset_category_id\r\nSET fa.house_category_id =\r\nCASE\r\n  WHEN ifnull(b1.fixed_asset_category_code, b2.fixed_asset_category_code) = '101' THEN 1\r\n  WHEN ifnull(b1.fixed_asset_category_code, b2.fixed_asset_category_code) = '102' THEN 1\r\n  WHEN ifnull(b1.fixed_asset_category_code, b2.fixed_asset_category_code) = '103' THEN 2\r\n  WHEN ifnull(b1.fixed_asset_category_code, b2.fixed_asset_category_code) = '104' THEN 3\r\n  WHEN ifnull(b1.fixed_asset_category_code, b2.fixed_asset_category_code) = '105' THEN 4\r\nEND\r\nWHERE\r\nfa.house_category_id IS NULL\r\nAND ifnull(b1.fixed_asset_category_code, b2.fixed_asset_category_code) in ('101','102','103','104','105')\r\nAND fa.fixed_asset_category_id IS NOT NULL;"
	}
	]
}

